Data;MKT;SMB;HML;WML;RF;BBSA3;PETR4;CMIG4;PORT
2021-03-17;0.021400031;0.002404006;0.000462478;-0.004091214;9.68296E-05;0.0278;0.0344;0.005;0.022106303
2021-03-16;-0.006204667;-0.00684962;-0.005958422;0.018480962;9.64423E-05;0.0027;-0.0156;-0.0106;-0.007054425
2021-03-15;0.007866643;0.001719763;0.004497605;0.006846702;9.6055E-05;-0.007;0.0207;0.0116;0.007253621
2021-03-12;-0.006761554;0.013060769;0.007968048;-0.013675331;9.29548E-05;0.0032;-0.0052;0.0042;0.001094155
2021-03-11;0.017381532;0.018248921;0.002091164;-0.034059212;9.17916E-05;0.005;0.0425;0.0109;0.017860655
2021-03-10;0.011696406;0.007910036;0.006417222;-0.022327382;9.0628E-05;0.0314;0.0347;0.0484;0.038032969
2021-03-09;0.005455918;-0.018711187;-0.006097334;0.018497141;9.02401E-05;-0.0072;0.0232;-0.0105;0.00052765
2021-03-08;-0.039521806;-0.009801432;0.002826776;0.002801914;8.86881E-05;-0.0458;-0.0576;-0.0369;-0.046256327
2021-03-05;0.021075226;0.005147413;0.015912283;-0.014215969;8.59705E-05;0.0186;0.0077;-0.0189;0.00291691
2021-03-04;0.012869721;-0.002846892;0.004329857;-0.017402381;8.55821E-05;0.0362;0.0486;0.0323;0.038499569
2021-03-03;-0.002802643;-0.005712454;-0.00373219;0.005555077;8.63589E-05;0.0021;-0.0364;-0.0084;-0.012586552
2021-03-02;0.010806018;0.003965295;0.010696057;0.002896819;8.48053E-05;0.0384;-0.0005;0.0295;0.024131349
2021-03-01;0.001637113;-0.00927513;-0.012348096;0.028886639;8.44168E-05;-0.0068;-0.0108;-0.036;-0.017708589
2021-02-26;-0.020958368;-0.008158719;0.000180859;0.014847435;8.32511E-05;-0.0492;-0.041;-0.0008;-0.0306627
2021-02-25;-0.0292629;0.001403162;0.001067631;0.002659734;8.16963E-05;-0.0267;-0.0496;-0.0331;-0.035487224
2021-02-24;0.003342894;0.004894603;0.01385474;0.000875717;8.13075E-05;-0.0039;0.0141;-0.0032;0.00156146
2021-02-23;0.022541692;-0.00546602;0.01057536;-0.002798286;8.01409E-05;0.0716;0.1217;0.0098;0.0655221
2021-02-22;-0.043387976;0.004345654;-0.005973006;0.008857235;8.05298E-05;-0.1165;-0.2151;-0.0345;-0.117765438
2021-02-19;-0.003292811;-0.004544436;-0.011534506;0.010939153;7.85849E-05;-0.0189;-0.0663;-0.0124;-0.030496871
2021-02-18;-0.008712912;-0.002762409;8.00462E-05;0.008476225;7.81959E-05;-0.003;-0.0108;-0.0257;-0.012842559
2021-02-17;0.006646436;-0.002819557;0.007993823;0.008205886;7.81959E-05;-0.0116;0.0404;-0.0214;0.000231337
2021-02-12;0.000725309;0.000362845;-0.00161041;-0.001959437;7.70283E-05;-0.0056;0.0128;-0.0153;-0.003493849
2021-02-11;0.007032228;-0.004600829;-0.003309877;0.002911554;7.70283E-05;0.0038;0.0101;0.0007;0.004594962
2021-02-10;-0.008937648;-0.010684408;-0.002427654;0.015413348;7.70283E-05;-0.0137;0.0094;-0.0136;-0.006957607
2021-02-09;-0.001153965;-0.004254747;0.003728006;0.008339946;7.66391E-05;0.0121;-0.0203;-0.0169;-0.006990141
2021-02-08;-0.004174954;-0.002911382;-0.006055368;0.008297198;7.66391E-05;-0.0027;-0.0314;0.0014;-0.009666876
2021-02-05;0.00631411;-0.002868809;-0.00017322;0.010114492;7.62498E-05;-0.0067;0.0069;-0.0105;-0.004018531
2021-02-04;-0.003655973;-0.001393553;-0.002099315;0.003707936;7.58605E-05;-0.0041;-0.001;-0.009;-0.004835259
2021-02-03;0.011873834;-0.001758885;0.000450034;-0.000619366;7.58605E-05;0.0079;0.0066;0.0098;0.00815665
2021-02-02;0.00610497;0.009126686;-0.010836648;-0.011588739;7.58605E-05;-0.0067;0.041;0.0099;0.012694698
2021-02-01;0.020947127;0.002422892;0.011426182;0.011324214;7.54711E-05;0.0127;0.0315;0.0321;0.0246358
2021-01-29;-0.029998001;0.011734029;0.00204182;0.001442496;7.46923E-05;-0.0197;-0.0385;-0.0318;-0.029199086
2021-01-28;0.02322701;0.003112808;0.003123611;-0.018913157;7.46923E-05;0.0283;0.0139;0.0513;0.031795075
2021-01-27;-0.005962852;0.004379961;0.010893134;-0.02101237;7.54711E-05;0.0244;0.0141;-0.0015;0.012763208
2021-01-26;-0.009096218;-0.002526492;-0.012096966;0.000829932;7.54711E-05;-0.0267;-0.0033;-0.0232;-0.018735569
2021-01-22;-0.009715253;-0.006062387;0.000578864;0.005504657;7.50817E-05;-0.0143;-0.0167;-0.0022;-0.010958104
2021-01-21;-0.011716699;-0.000833936;-0.007553274;0.012856154;7.50817E-05;-0.0101;-0.0234;-0.0007;-0.010825079
2021-01-20;-0.007546482;0.009882262;-0.013161828;0.003675122;7.54711E-05;-0.0224;-0.0167;-0.024;-0.021278603
2021-01-19;-0.006157166;-0.008338036;-0.007965111;0.003945578;7.54711E-05;-0.017;0.0221;-0.0173;-0.005744189
2021-01-18;0.008247258;-0.008393618;-0.008910717;0.016886007;7.50817E-05;-0.0102;-0.0018;-0.0164;-0.009829896
2021-01-15;-0.023956653;0.007906226;-0.008887873;0.005372543;7.50817E-05;-0.031;-0.0452;-0.0227;-0.032353645
2021-01-14;0.014198681;0.001423607;0.004751835;-0.011328476;7.54711E-05;-0.0024;0.0103;0.0149;0.007063183
2021-01-13;-0.015194459;0.004822872;-0.00456993;0.005763241;7.54711E-05;-0.0494;-0.0483;0.0089;-0.029620193
2021-01-12;0.008622814;0.008121847;-0.007935313;-0.008542743;7.54711E-05;0.0092;-0.0075;-0.0041;-8.97314E-05
2021-01-11;-0.013868136;0.008724163;-0.006872615;0.016154749;7.54711E-05;-0.0163;-0.0084;-0.0348;-0.020180809
2021-01-08;0.022381589;-0.004608434;-0.015069367;0.013525553;7.54711E-05;0.0058;0.0039;0.0687;0.02624397
2021-01-07;0.023860108;-0.023816939;-0.007811846;0.013365456;7.54711E-05;0.0413;0.0309;-0.0131;0.020120968
2021-01-06;-0.00054451;-0.010819018;0.020143449;0.005031257;7.50817E-05;0.0212;0.001;0.0226;0.015800558
2021-01-05;0.003661163;-0.007609817;0.002084902;0.006812541;7.54711E-05;-0.0104;0.0391;0;0.00744794
2021-01-04;-0.001547009;0.000421471;0.005898404;0.017181113;7.54711E-05;-0.0312;0.0201;-0.0094;-0.009024
2020-12-30;-0.003612118;0.006592953;0.002978528;0.005674711;7.54711E-05;-0.0082;0.0025;0.0062;-0.000285694
2020-12-29;0.002855727;0.007017204;0.00130056;-0.00074433;7.50817E-05;-0.0058;0.0032;-0.0034;-0.002384987
2020-12-28;0.011488119;-0.007292852;-0.007678826;0.000523634;7.54711E-05;0.011;0.0082;0.024;0.014526139
2020-12-23;0.00946451;0.002305413;0.007703656;-0.006002619;7.54711E-05;0.0165;0.0246;0.0238;0.021289225
2020-12-22;0.005450706;-0.018404111;-0.011633254;0.01786159;7.54711E-05;0.0132;0.0096;0.0259;0.016393654
2020-12-21;-0.017780082;-0.001684813;0.000471091;0.011510488;7.54711E-05;-0.0335;-0.0384;-0.033;-0.034756226
2020-12-18;-0.002662569;-0.002594059;0.007622113;0.006534749;7.50817E-05;-0.0074;-0.005;0.0109;-0.000594486
2020-12-17;0.004151133;-0.00659339;-0.007659101;0.009601438;7.54711E-05;0.001;0.0018;0.0245;0.009076562
2020-12-16;0.013305949;-0.006882315;-0.009553609;0.003094673;7.54711E-05;0.0092;0.0122;0;0.007000374
2020-12-15;0.013806291;-0.006096106;-0.00092742;0.003767108;7.54711E-05;0.0127;0.0083;-0.0081;0.004479128
2020-12-14;-0.004198008;0.001713492;-0.006034935;0.002305582;7.54711E-05;0.0033;0.0018;-0.0073;-0.000673892
2020-12-11;-0.000150094;0.002027675;0.010148904;0.00451334;7.54711E-05;0.0174;-0.009;0.034;0.015273576
2020-12-10;0.016895555;-0.008544696;0.000784284;-0.007133972;7.54711E-05;0.052;0.0327;0.0169;0.03467838
2020-12-09;-0.005974204;-0.002599011;0.005630841;-0.001996819;7.54711E-05;-0.0137;0.0105;-0.0023;-0.002866231
2020-12-08;0.002273466;0.002424822;-0.007754916;0.000476289;7.54711E-05;-0.0011;-0.0126;-0.0136;-0.00861244
2020-12-07;-0.000548544;-0.001779778;0.005664697;-0.000739024;7.54711E-05;0.0145;-0.0193;0.045;0.014864138
2020-12-04;0.011599449;0.002525527;-0.002841969;0.017738828;7.50817E-05;0.021;0.0334;-0.0194;0.011116001
2020-12-03;0.003080242;0.007042331;-0.005766474;-0.022490121;7.54711E-05;0.0086;0.0282;-0.0077;0.008851615
2020-12-02;0.004154113;0.015860105;0.005839182;-0.009533444;7.50817E-05;0.0043;0.0121;0.0046;0.00666552
2020-12-01;0.020961838;0.000260366;0.01045099;-0.016066423;7.50817E-05;0.0275;0.0281;0.0253;0.026939908
2020-11-30;-0.016714703;-0.00414073;-0.003861938;-3.9408E-05;7.54711E-05;-0.0217;-0.0235;0.0145;-0.010139351
2020-11-27;0.002896341;0.001528983;0.00075922;0.010089959;7.54711E-05;-0.0049;-0.0124;0.0114;-0.00163737
2020-11-26;0.001013946;-0.00152848;0.009901037;0.011715887;7.62498E-05;-0.0158;-0.0164;-0.0089;-0.013671065
2020-11-25;0.003160557;0.024744334;0.006387871;0.005781052;7.54711E-05;-0.0028;0.0011;0.0114;0.003072599
2020-11-24;0.018656552;0.006059837;0.011794052;-0.011948694;7.58605E-05;0.0267;0.0446;0.0363;0.035103205
2020-11-23;0.011350939;-0.000960288;0.004510398;-0.004213758;7.54711E-05;0.0079;0.0613;0.0154;0.025912621
2020-11-20;-0.006192819;0.006143221;-0.001202384;0.004813035;7.58605E-05;-0.0107;-0.0071;-0.0234;-0.013893654
2020-11-19;0.003547707;0.008002041;0.00080438;0.004143429;7.54711E-05;0.0099;0.0115;-0.0083;0.004289599
2020-11-18;-0.011160705;0.003689152;0.005086255;0.00048039;7.54711E-05;0.0023;-0.0059;0.0135;0.003656965
2020-11-17;0.007152793;-0.001033215;0.000784993;-0.013068186;7.54711E-05;0.0147;0.0172;0.0119;0.014491454
2020-11-16;0.014056379;-0.000492346;0.009852743;-0.017478283;7.54711E-05;0.0257;0.0292;0.038;0.030822213
2020-11-13;0.022144113;0.008283015;0.002024742;-0.001393192;7.54711E-05;0.0098;0.0329;0.0263;0.022016654
2020-11-12;-0.020070847;-0.006729674;-0.005035387;0.020679746;7.54711E-05;-0.0419;-0.0424;-0.023;-0.035736465
2020-11-11;-0.004399867;0.003109726;-0.004923545;0.013873464;7.54711E-05;-0.0061;-0.0087;-0.0342;-0.016234806
2020-11-10;0.012587465;-0.009376172;0.003848932;-0.026408155;7.54711E-05;0.0511;0.068;0.0219;0.046261471
2020-11-09;0.022939736;-0.013381738;0.005729116;-0.061327897;7.54711E-05;0.0725;0.0942;0.0214;0.061745411
2020-11-06;0.001488179;0.020791151;0.010201504;-0.009494205;7.50817E-05;-0.0065;-0.007;0.0136;6.40909E-05
2020-11-05;0.02895611;-0.007496854;-0.011937344;-0.00550759;7.50817E-05;0.0122;0.0086;0.0366;0.019299072
2020-11-04;0.020499635;0.011944504;-0.013559379;0.001293857;7.54711E-05;0.0073;0.0036;0.0319;0.014436787
2020-11-03;0.02233557;-0.006698787;0.01194066;0.015616071;7.58605E-05;0.0101;0.0375;0.0078;0.017290146
2020-10-30;-0.028842553;-0.009058442;0.001015257;-0.003402075;7.50817E-05;-0.0375;-0.0181;-0.0135;-0.023854477
2020-10-29;0.008093237;0.013725359;0.010648377;0.006612699;7.46923E-05;-0.0058;0.0332;-0.0057;0.005560286
2020-10-28;-0.041126464;-0.022257816;-0.010819782;0.014984235;7.54711E-05;-0.05;-0.0609;-0.0261;-0.045187991
2020-10-27;-0.012450246;-0.001079068;-0.003380997;0.003765313;7.54711E-05;-0.0215;-0.0183;-0.0183;-0.019502464
2020-10-26;-0.001084431;-0.013424855;-0.00110711;0.006402676;7.54711E-05;-0.0009;-0.0156;0.0018;-0.004268122
2020-10-23;-0.004338008;0.004293487;0.002758836;-0.008408507;7.58605E-05;-0.0036;-0.013;-0.0082;-0.007865538
2020-10-22;0.01424398;-0.016242485;-0.0024097;-0.002020577;7.50817E-05;0.0434;0.0337;0.0064;0.028232328
2020-10-21;-0.001000898;0.001467888;0.008319065;-0.004319567;7.54711E-05;0.0075;-0.001;-0.0027;0.001626592
2020-10-20;0.018161956;0.000544892;0.005933378;-0.002702469;7.54711E-05;0.0461;0.0338;0.0129;0.031445628
2020-10-19;0.001400904;-0.004873747;-0.004739054;-0.010166324;7.50817E-05;0.0109;0.0098;-0.0082;0.004205012
2020-10-16;-0.005935833;0.000837978;-2.09587E-05;0.002896533;7.54711E-05;-0.0254;-0.0213;-0.0009;-0.016031211
2020-10-15;-0.002204539;0.002552944;0.003044695;-7.73564E-05;7.54711E-05;0.0068;-0.011;0.0028;0.000295098
2020-10-14;0.007190682;-0.000576724;-0.001576029;0.006250893;7.54711E-05;-0.0064;-0.0079;0.0168;0.000908426
2020-10-13;0.010878619;0.00025841;-0.017088916;-0.003628048;7.54711E-05;0.0003;0.0167;0.0028;0.0058976
2020-10-09;-0.001483305;0.017096765;0.009546898;0.009916365;7.50817E-05;-0.0067;-0.0313;0.0066;-0.009405172
2020-10-08;0.022838613;-0.005074771;-0.002160519;-0.009195888;7.54711E-05;0.0483;0.0328;0.0202;0.034418602
2020-10-07;0.000480397;0.00930281;0.005648956;0.011299545;7.50817E-05;-0.0073;-0.007;-0.0019;-0.005410369
2020-10-06;-0.001370102;0.007818869;0.000815097;-0.012801183;7.50817E-05;-0.0066;-0.005;-0.0076;-0.006469103
2020-10-05;0.019958414;-0.011639506;-0.001290254;0.009091774;7.54711E-05;0.0175;0.0531;0.0345;0.033513971
2020-10-02;-0.013767477;9.48682E-05;0.006516652;-0.003634309;7.54711E-05;-0.0027;-0.0418;-0.0117;-0.017060117
2020-10-01;0.010327853;0.020291451;0.006122554;-0.006404452;7.50817E-05;0.0057;0.0122;0.0168;0.011292958
2020-09-30;0.01072025;0.009663599;0.003832878;-0.001588083;7.50817E-05;-0.0047;0.0155;-0.003;0.00173421
2020-09-29;-0.009796722;-0.010278267;-0.006741692;0.011907549;7.54711E-05;-0.0246;-0.0163;-0.0069;-0.016281206
2020-09-28;-0.0231626;0.003136648;0.008572021;-0.005800927;7.58605E-05;0.0069;-0.0248;-0.0249;-0.012921467
2020-09-25;-0.000278302;0.00553585;0.000142897;0.006861391;7.54711E-05;-0.0039;-0.0132;-0.0223;-0.012742885
2020-09-24;0.012838874;-0.005001945;-0.00451147;-0.000343152;7.54711E-05;0.008;0.0084;0.0355;0.017295574
2020-09-23;-0.017269704;-0.01185945;-0.002951048;-0.002272004;7.54711E-05;-0.0208;-0.0274;-0.0207;-0.022683481
2020-09-22;0.003293852;0.000330884;0.003510051;-0.001459767;7.54711E-05;-0.0019;-0.0048;0.0182;0.00396705
2020-09-21;-0.011603022;-0.01497794;-0.005210437;0.013105213;7.54711E-05;-0.0147;-0.0346;-0.0179;-0.021547775
2020-09-18;-0.017611086;0.001674496;-0.000107942;0.007512961;7.54711E-05;-0.0252;-0.0226;-0.0266;-0.024912188
2020-09-17;0.00461051;-0.011252678;0.002938545;0.003446794;7.54711E-05;0.0019;0.0193;0.0102;0.009724053
2020-09-16;-0.007169515;0.005732379;0.004071301;-0.01439135;7.50817E-05;0.0031;0.0028;0.0179;0.007953057
2020-09-15;0.00115943;-0.006266466;0.000322228;0.013821281;7.50817E-05;-0.0114;-0.0005;-0.0185;-0.010604229
2020-09-14;0.019937817;0.018934261;-0.006086357;-0.006745024;7.50817E-05;0.0145;-0.0091;0.0056;0.004674982
2020-09-11;-0.008262634;-0.004982903;0.000882961;0.008409961;7.54711E-05;-0.0163;-0.0108;-0.0245;-0.017439746
2020-09-10;-0.023866143;0.003395708;-0.000100529;-0.005271068;7.50817E-05;-0.0208;-0.0268;-0.0143;-0.020372924
2020-09-09;0.011630422;-0.022566814;-0.004349511;0.018301023;7.50817E-05;-0.0012;0.0211;0.0438;0.020297505
2020-09-08;-0.010026166;0.005291423;0.006865092;-0.008110784;7.50817E-05;-0.0203;-0.0288;-0.0065;-0.018162294
2020-09-04;0.00386577;0.006409935;0.005800583;-0.005433693;7.50817E-05;0.0053;0.0017;-0.0119;-0.001486859
2020-09-03;-0.011814167;-0.005161109;0.006122705;-0.014495224;7.50817E-05;0.0156;0.0035;0.0046;0.008413994
2020-09-02;-0.001099145;0.016998943;-0.006395523;-0.00832605;7.50817E-05;0.0012;-0.0031;0.0028;0.00048521
2020-09-01;0.02699939;-0.004623692;0.000479747;-0.003215358;7.54711E-05;0.0172;0.0448;0.0294;0.02928828
2020-08-31;-0.02627106;0.011610243;-0.002590938;0.005278012;7.50817E-05;-0.0222;-0.0288;-0.0401;-0.030091817
2020-08-28;0.015535988;-0.003648818;-0.004397728;0.002766966;7.50817E-05;0.0195;0.0176;0.0176;0.018313963
2020-08-27;0.000345031;-0.009284724;-0.014056959;-0.000175372;7.54711E-05;0.0092;-0.0032;0.0122;0.006600014
2020-08-26;-0.014432704;-0.00042212;-0.007900184;0.0095807;7.54711E-05;-0.0241;-0.0284;-0.0423;-0.031423958
2020-08-25;-0.000543224;0.005360911;-0.001436051;0.001737286;7.50817E-05;-0.006;-0.0044;0.0296;0.006347845
2020-08-24;0.00648348;-0.008287126;0.001910052;-0.006344424;7.50817E-05;0.0289;0.0182;-0.0009;0.015845229
2020-08-21;0.00233741;0.00878226;0.001114412;-0.011368707;7.50817E-05;0.0092;-0.0075;0.0344;0.01276143
2020-08-20;0.004960279;0.013205684;0.003073826;-0.00630407;7.50817E-05;0.0009;-0.007;-0.0067;-0.003931277
2020-08-19;-0.011366624;0.002524243;-0.002000537;0.008499602;7.46923E-05;-0.0046;-0.0056;0.0057;-0.001452331
2020-08-18;0.023859054;0.01560016;0.001707204;0.000841413;7.43028E-05;0.0136;0.0186;0.0265;0.019358141
2020-08-17;-0.019487275;-0.016986586;-0.002057301;0.012790911;7.46923E-05;-0.0256;-0.0031;-0.0202;-0.017262746
2020-08-14;0.007879175;0.000507436;-0.000836311;-0.009616917;7.46923E-05;0.0033;-0.0074;-0.0019;-0.00154338
2020-08-13;-0.013676899;0.008428887;-0.006461531;0.022608954;7.46923E-05;-0.0201;-0.0273;-0.0325;-0.026330196
2020-08-12;-0.002274929;-0.018928938;-0.005505059;0.013971797;7.43028E-05;-0.0053;0.0173;-0.0218;-0.004243844
2020-08-11;-0.010362498;0.018823059;-0.011102613;-0.028084781;7.43028E-05;-0.0145;-0.0158;-0.0161;-0.015411638
2020-08-10;0.004736966;-0.012088986;0.008605814;-0.00174314;7.43028E-05;0.0094;0.029;0.0009;0.012255227
2020-08-07;-0.011294413;0.00820552;-0.006416098;-0.004518082;7.46923E-05;-0.007;-0.0185;-0.0202;-0.014746098
2020-08-06;0.013974907;-0.015828695;-0.014897743;-0.002860843;7.46923E-05;0.0306;0.0017;0.0401;0.025377538
2020-08-05;0.013893353;0.015165549;0.00297432;-0.000623856;7.78067E-05;0.0009;0.0643;-0.0081;0.016309316
2020-08-04;-0.015745267;-0.00592407;-0.006272581;0.010549814;7.70283E-05;-0.0306;-0.0009;-0.0221;-0.019136856
2020-08-03;-0.00249695;-0.010963917;-0.010572713;0.006048253;7.70283E-05;0.0229;-0.018;0.003;0.004378722
2020-07-31;-0.017790651;-0.009280298;-0.003475527;0.016581435;7.78067E-05;-0.0351;-0.0272;-0.0196;-0.027631731
2020-07-30;-0.003918459;0.006507271;-0.005387735;0.020000707;7.78067E-05;-0.032;-0.0151;0.0041;-0.015041624
2020-07-29;0.012674291;0.007937938;-0.000842121;0.005917452;7.81959E-05;0.0263;0.0162;-0.0161;0.009213654
2020-07-28;-0.004076852;0.001408219;0.00298328;-0.012298355;7.85849E-05;0.0034;-0.0172;0.0032;-0.002649689
2020-07-27;0.020383386;-0.009292582;0.007122973;-0.009823315;7.8974E-05;-0.1128;0.0207;0.0283;-0.026928457
2020-07-24;0.001732338;-0.010891177;-0.001725178;-0.002713011;8.01409E-05;-0.0116;0.0071;-0.0259;-0.010942182
2020-07-23;-0.019533835;-0.005903739;0.004520552;0.005918743;8.16963E-05;-0.0241;-0.0208;-0.0206;-0.021973282
2020-07-22;0.001509804;-0.011557426;-0.005956358;0.010505396;8.16963E-05;-0.0082;-0.0137;0.0775;0.018808967
2020-07-21;0.000885001;0.007055798;-0.004793956;-0.009435343;8.24738E-05;0.0048;0.0277;-0.011;0.006176944
2020-07-20;0.014688464;-0.005988181;-0.007868472;0.014376142;8.20851E-05;-0.0039;0;0.0273;0.007647138
2020-07-17;0.022005202;-0.015692458;-0.005632544;0.010755497;8.24738E-05;0.0308;0.0009;0.0065;0.014004786
2020-07-16;-0.011800933;0.000775439;-0.004139395;0.005464028;8.24738E-05;-0.0084;-0.45;-0.0175;-0.139692977
2020-07-15;0.013147284;-0.009499026;0.004403878;-0.004716781;8.24738E-05;0.0099;0.0192;0.0032;0.010364596
2020-07-14;0.013364409;-0.008546788;-0.002495375;0.006892884;8.28625E-05;0.0163;0.0334;-0.0218;0.00854877
2020-07-13;-0.014201893;0.001259796;0.007707643;-0.004785226;8.32511E-05;-0.01;-0.0155;0.0126;-0.004053586
2020-07-10;0.007366606;0.015744559;0.005782628;-0.017138176;8.36397E-05;0.0053;0.0167;-0.0047;0.005272978
2020-07-09;-0.004060103;-0.002924487;-0.00491193;0.008908123;8.36397E-05;-0.0038;-0.0225;0.0063;-0.005859763
2020-07-08;0.018175619;-4.37889E-05;0.008460156;-0.001573591;8.40283E-05;0.0243;0.0189;0.0227;0.022197585
2020-07-07;-0.011131182;0.008236058;-0.004116936;0.016244613;8.40283E-05;-0.0401;-0.0124;-0.0096;-0.021874202
2020-07-06;0.020581644;-0.000967305;-0.002270771;-0.015981708;8.40283E-05;0.0349;0.0241;0.0213;0.027223687
2020-07-03;0.006735815;0.009380972;0.006816813;0.004132896;8.44168E-05;0.0103;-0.0036;0;0.002824872
2020-07-02;-0.000342908;0.007594777;0.013547447;0.001913084;8.44168E-05;0.0027;0.0161;-0.0049;0.004054956
2020-07-01;0.01457716;0.014267348;-0.001680333;-0.001593521;8.44168E-05;0.0286;0.0074;0.0149;0.017869799
2020-06-30;-0.006004992;0.005413676;0.007890099;0.008340127;8.44168E-05;-0.0386;-0.0051;0.0134;-0.011513065
2020-06-29;0.019165335;0.003449257;0.004225295;-0.004113652;8.44168E-05;0.0509;0.0393;0.0258;0.039152682
2020-06-26;-0.021952074;-0.004803803;-0.002960689;0.002121035;8.44168E-05;-0.036;-0.0293;-0.0537;-0.039962292
2020-06-25;0.016629191;-0.009244625;-0.009536969;0.003040431;8.44168E-05;0.0245;0.0224;0.0149;0.020685644
2020-06-24;-0.017190654;-0.005584391;-0.009775829;0.027832558;8.44168E-05;-0.0391;-0.03;-0.0319;-0.034053721
2020-06-23;0.003896755;0.006379146;6.9181E-05;0.000454982;8.44168E-05;0.0087;0.0334;-0.0157;0.007729075
2020-06-22;-0.011183039;0.032677345;0.015783593;-0.011312248;8.44168E-05;-0.0206;-0.0242;0.0176;-0.008894538
2020-06-19;0.006170155;0.010372683;0.000948465;0.014201611;8.44168E-05;-0.0134;-0.006;0.0016;-0.006243846
2020-06-18;0.006262372;-0.004815544;0.000632825;-0.004352106;8.44168E-05;-0.0029;0.0075;-0.0311;-0.00929255
2020-06-17;0.022605818;0.006321531;0.011193302;0.005567975;8.67472E-05;0.0299;0.0033;0.054;0.030218962
2020-06-16;0.010612387;-0.006978982;0.011145717;-0.007786896;8.83E-05;0.013;0.0324;0.0356;0.026178208
2020-06-15;-0.003827014;-0.002196808;-0.004160219;0.008739823;8.94642E-05;-0.0084;0.0049;-0.0264;-0.01054557
2020-06-12;-0.018890681;-0.007603616;-0.007307393;0.02885418;9.10159E-05;-0.0251;-0.0374;-0.0411;-0.034013074
2020-06-10;-0.020461382;-0.021700038;-0.015663043;0.026362088;9.17916E-05;-0.0441;-0.0147;-0.0453;-0.035961811
2020-06-09;-0.009813322;-0.002071564;0.001521273;-0.000608526;9.41176E-05;-0.0165;-0.036;0.003;-0.015654423
2020-06-08;0.030912787;0.018052954;0.019276939;-0.043087866;9.52801E-05;0.0338;0.0195;0.0543;0.036489627
2020-06-05;0.010744022;0.006358503;-0.001914364;-0.009515524;9.72169E-05;0.0074;0.0313;0.0195;0.018380297
2020-06-04;0.007323491;0.01841642;0.014046214;-0.002039797;9.76042E-05;0.0055;-0.0019;-0.0065;-0.000654765
2020-06-03;0.020214802;0.026442748;-0.005466895;0.004198756;9.91527E-05;0.0588;0.0033;0.0115;0.026892372
2020-06-02;0.026101636;0.019725624;0.010847231;-0.020023923;0.000100701;0.0321;0.0526;0.02;0.03401495
2020-06-01;0.013276181;0.02675147;0.007933117;-0.012744596;0.000102635;0.0311;-0.0005;0.0101;0.014912577
2020-05-29;0.002565161;-0.008202479;0.00576584;-0.000874254;0.000103408;0.0016;0.0288;0.0172;0.014707015
2020-05-28;-0.012134034;0.002259412;0.009219155;-0.015779523;0.000104182;-0.0036;-0.008;-0.0283;-0.013122678
2020-05-27;0.031059451;0.00882794;0.011190616;0.003981508;0.000104955;0.0036;0.0132;0.0435;0.019706638
2020-05-26;0.001789972;0.004231075;-0.011526228;0.014401986;0.000105728;-0.0225;0.0098;0.0436;0.008944944
2020-05-25;0.04047953;0.007000584;0.002941143;0.01415626;0.000106114;0.1049;0.0434;0.072;0.076056439
2020-05-22;-0.009928222;-0.012893585;0.007848738;-0.010089147;0.000106887;-0.0256;-0.0271;0.0118;-0.013551665
2020-05-21;0.018537799;0.010398703;0.005782889;0.023388652;0.000107273;0.0706;-0.0057;0.0539;0.042865525
2020-05-20;0.005871831;0.0121467;0.007016928;-0.007468516;0.000108045;0.0251;0.0332;0.0277;0.028320382
2020-05-19;-0.004296898;-0.000775687;-0.010224124;0.017706078;0.000108818;-0.027;0.0076;-0.027;-0.016951001
2020-05-18;0.043754514;0.008844245;0.012865759;0.010495901;0.000108818;0.0478;0.081;0.0687;0.064418737
2020-05-15;-0.018643662;0.022165952;-0.00289412;-0.002610137;0.000109976;-0.0188;-0.0144;-0.0445;-0.02610066
2020-05-14;0.016574068;-0.000992794;0.006214339;-0.004962236;0.000110362;0.0431;-0.0108;0.0851;0.041465084
2020-05-13;-0.003991181;-0.017387133;-0.006182313;-0.003372759;0.000111134;-0.0289;-0.0303;-0.0181;-0.025701606
2020-05-12;-0.015636694;-0.012016503;-0.004137183;-0.004599281;0.000111134;-0.0352;-0.0006;-0.0285;-0.022914565
2020-05-11;-0.0131373;-0.009041406;-0.011477102;0.003336454;0.000110748;0.0063;-0.0179;-0.038;-0.015515671
2020-05-08;0.024086103;-0.017659483;0.015226271;-0.02669638;0.00011152;0.032;0.0596;0.0418;0.043287169
2020-05-07;-0.01429944;-0.020535294;-0.006683119;-0.010398446;0.000111906;-0.027;0.0093;-0.0599;-0.027439166
2020-05-06;-0.00386413;0.000823274;-0.00922086;0.007816958;0.00011923;-0.0291;-0.0368;-0.0472;-0.037378053
2020-05-05;0.008069374;-0.01047684;0.001705054;0.003074404;0.00011923;0.0014;0.0322;0;0.009878037
2020-05-04;-0.01541737;-0.004034767;-0.003521483;0.004473368;0.000123079;-0.026;-0.0371;-0.0287;-0.030125062
2020-04-30;-0.031022521;-0.005690634;-0.006469343;-0.002498688;0.000123464;-0.0359;-0.0082;-0.0243;-0.023982954
2020-04-29;0.019992029;0.007708784;0.023799811;-0.017083623;0.000125772;0.0144;0.0551;0.0388;0.034365275
2020-04-28;0.035840463;0.008792141;0.00043916;0.012742855;0.000127309;0.1343;0.0486;0.0661;0.086644935
2020-04-27;0.037873041;-0.001400258;-0.013680568;0.001207091;0.000129999;0.0572;0.0313;0.0062;0.032654156
2020-04-24;-0.053610515;-0.013846382;-0.015136432;-0.008353621;0.000129999;-0.1337;-0.059;-0.1109;-0.10439406
2020-04-23;-0.012407858;0.005797132;0.010153472;-0.005871758;0.000126925;-0.0281;0.0119;-0.0287;-0.016682938
2020-04-22;0.023460308;0.025177142;0.004347306;0.034121126;0.000126925;-0.0045;0.0502;0.0072;0.01529213
2020-04-20;0.000943671;0.003304319;-0.021914339;0.033972446;0.000131535;-0.0199;-0.0112;-0.0072;-0.013134014
2020-04-17;0.011391506;0.001616067;-0.003635033;0.00302732;0.000134989;0.0271;0.0261;0.0036;0.018965351
2020-04-16;-0.013128459;0.00141064;0.002002865;0.009993222;0.000135756;-0.0287;-0.0403;0.0054;-0.020686571
2020-04-15;-0.011748869;0.019447841;0.001103986;-0.006398877;0.000135756;-0.0185;-0.0209;0.011;-0.009350047
2020-04-14;0.014011192;0.007698808;-0.007773237;-0.000889508;0.000136139;-0.001;-0.0118;0.048;0.012219342
2020-04-13;0.013174769;0.003927327;0.012693604;-0.020423736;0.00013729;0.0199;0.0065;0.0337;0.020614582
2020-04-09;-0.01170667;0.026292242;0.00863083;-0.016779941;0.000138056;-0.0027;-0.0289;0.0349;0.002241387
2020-04-08;0.029483704;-0.00282703;0.00122948;0.017975487;0.000138056;0.0192;0.0561;0.0231;0.031218802
2020-04-07;0.031909317;0.020332517;0.004542284;0.019552547;0.000139206;0.047;0.0399;0.0193;0.035691762
2020-04-06;0.058032569;-0.028083675;-0.032444764;0.034075659;0.000139973;0.0925;0.028;0.0686;0.065789306
2020-04-03;-0.036573496;0.00103128;0.00375675;0.003670197;0.000140356;-0.0563;-0.011;-0.031;-0.034698314
2020-04-02;0.01573739;-0.023425309;-0.022227112;-0.013242193;0.000140356;0.0116;0.0846;-0.0259;0.02028428
2020-04-01;-0.028306402;-0.015834548;-0.010129593;-0.012893334;0.000141888;-0.0423;0.0222;-0.0532;-0.027205421
2020-03-31;-0.023292808;-0.024389978;0.00730063;-0.027828937;0.000141888;-0.0379;0.0456;-0.022;-0.008341441
2020-03-30;0.013715901;-0.018602744;0.005628874;-0.017862996;0.000142271;0.0266;0.006;-0.0119;0.007765909
2020-03-27;-0.049494814;0.035246175;0.018713374;-0.021479627;0.000142271;-0.0738;-0.0757;-0.0783;-0.075853907
2020-03-26;0.041772105;0.022958096;0.020260926;0.002681032;0.000141888;0.0503;0.0049;0.1024;0.054505112
2020-03-25;0.0703253;0.047993615;-0.002182916;0.007323951;0.000141122;0.12;0.0808;0.0803;0.09536329
2020-03-24;0.080376066;-0.011153817;-0.026304536;0.037022341;0.000141505;0.1713;0.1522;0.029;0.118253493
2020-03-23;-0.052980769;-0.012864415;-0.020866908;0.025486968;0.000140739;-0.1004;-0.0417;-0.0838;-0.077810534
2020-03-20;-0.014221048;-0.01456671;-0.034506537;0.009467353;0.000141888;-0.0379;-0.0172;-0.0578;-0.038530575
2020-03-19;0.022901727;0.02968071;-0.028124738;0.0674797;0.000142271;-0.0391;0.0815;0.0298;0.018924851
2020-03-18;-0.101505756;-0.075897507;-0.006953418;-0.037366152;0.000144567;-0.165;-0.1315;-0.0752;-0.125295561
2020-03-17;0.046467327;-0.054743946;-0.027876183;-0.017934116;0.000141505;0.0484;-0.0069;0.0645;0.03771315
2020-03-16;-0.132339135;-0.002875254;0.048809879;-0.035605967;0.000144185;-0.1669;-0.15;-0.1127;-0.143899909
2020-03-13;0.133452311;-0.041211531;-0.023931667;0.034035333;0.000156031;0.1677;0.2222;0.1426;0.175150336
2020-03-12;-0.147191092;-0.009176329;0.002396569;-0.038924187;0.000163656;-0.1322;-0.205;-0.1933;-0.173738518
2020-03-11;-0.070370249;0.019095279;0.005783107;-0.001246214;0.000159083;-0.0863;-0.0974;-0.098;-0.09342923
2020-03-10;0.064868376;0.0011345;-0.014750496;0.021367081;0.000155268;0.0526;0.0941;0.0266;0.055974284
2020-03-09;-0.114833869;-0.026185147;-0.005356222;-0.0333829;0.000156413;-0.1104;-0.297;-0.1011;-0.161490583
2020-03-06;-0.039275102;0.00164061;-0.014416713;-0.016225701;0.000154505;-0.0188;-0.0973;-0.0469;-0.050978708
2020-03-05;-0.045975331;-0.022059247;0.006404929;-0.012483306;0.00015565;-0.0591;-0.0595;-0.0471;-0.055210617
2020-03-04;0.020004906;-0.008794726;0.019919649;-0.005275353;0.000155268;0.0011;0.0322;0.0455;0.024953042
2020-03-03;-0.008381669;-0.005477588;0.002876701;0.005864061;0.000157939;-0.0293;-0.0181;0.0025;-0.015432419
2020-03-02;0.026417378;0.013832876;0.006331889;0.003372988;0.000159845;0.0062;0.047;0.03;0.025994041
2020-02-28;0.008909846;-0.018365234;-0.01252748;-0.004005518;0.000160989;0.0234;0.0016;0.0186;0.015466327
2020-02-27;-0.028316645;-0.006278044;0.002979551;-0.003819801;0.00016137;0.0124;-0.0347;-0.0105;-0.008923355
2020-02-26;-0.06616424;-0.015218757;-0.009062596;-0.006784767;0.000160989;-0.0729;-0.1005;-0.0742;-0.0813499
2020-02-21;-0.005836812;0.001099141;0.000841025;6.02283E-05;0.00016137;0.0008;-0.0261;0.0249;0.001031832
2020-02-20;-0.014590717;0.010338529;0.002086123;-0.002764191;0.00016137;-0.0103;-0.0206;-0.0255;-0.01836517
2020-02-19;0.013175567;0.004081446;-0.000779697;0.006717932;0.00016137;0.0024;0.0269;-0.0048;0.007112286
2020-02-18;-0.002619599;0.007769606;0.005511555;0.00108465;0.00016137;0.0096;0.0133;-0.0012;0.007069603
2020-02-17;0.007732353;-0.001177317;-0.003387054;0.009041637;0.00016137;-0.015;-0.002;0.0172;-0.000476121
2020-02-14;-0.010055782;0.003934185;-0.004252182;0.003540522;0.00016137;-0.0191;-0.0101;0.0025;-0.009276096
2020-02-13;-0.007682806;0.002950459;-0.000650869;0.003549481;0.00016137;-0.0155;-0.0136;-0.0193;-0.016216603
2020-02-12;0.010755583;-0.005152674;-0.002498394;0.008005301;0.00016137;0.0058;0.022;0.0012;0.008969559
2020-02-11;0.025035992;0.002803946;0.001527322;0.009064745;0.00016137;0.045;0.012;0.0286;0.029941434
2020-02-10;-0.01150039;-0.020870844;-0.005923681;-0.011225931;0.00016137;-0.0099;0.0069;-0.036;-0.013732803
2020-02-07;-0.012908573;-0.006877344;-0.00270677;-0.000818582;0.00016137;0.001;-0.0086;-0.0314;-0.012603165
2020-02-06;-0.008106854;-0.007690595;-0.005914696;-0.000959083;0.00016137;-0.0169;0.0278;-0.0182;-0.004351558
2020-02-05;0.002958261;-0.002692978;0.004686517;-0.004235343;0.000162894;0.0446;-0.0084;0.0391;0.027371145
2020-02-04;0.006983153;0.004764165;0.001489803;0.001068803;0.000163275;-0.0109;0.016;0.012;0.004556598
2020-02-03;0.008001451;0.017792307;0.004891272;0.004246723;0.000164418;0.0049;-0.0095;0.0158;0.004356138
2020-01-31;-0.016618786;-0.005746336;0.000825623;0.007069818;0.00016556;-0.0253;-0.0169;-0.0156;-0.019622534
2020-01-30;-0.00229856;-0.01485315;-0.000313755;0.007513439;0.00016556;0.0069;0.0031;-0.0142;-0.001246751
2020-01-29;-0.008163985;-0.007533829;0.000882514;0.005929559;0.00016556;-0.0246;0.0017;-0.0059;-0.010719607
2020-01-28;0.016707024;-0.006146321;-0.007658185;0.014686354;0.00016594;0.0082;0.0275;0.0179;0.017043191
2020-01-27;-0.031027831;-0.005197447;-0.004298581;0.003240578;0.000166321;-0.0098;-0.0433;-0.0142;-0.020998226
2020-01-24;-0.00845784;-0.000308606;-0.007451879;-0.001909532;0.000167463;-0.0132;-0.0101;0.0107;-0.004321922
2020-01-23;0.008996638;0.000773313;0.000778507;0.00582776;0.000167463;0.0562;0.0106;0.0145;0.029036923
2020-01-22;0.009390406;-0.007367349;-0.000894054;-0.00878532;0.000167082;0.0079;-0.0111;-0.0108;-0.003860229
2020-01-21;-0.012028526;0.006477982;0.003732409;0.010508841;0.000167843;-0.0289;-0.0127;-0.0118;-0.018487059
2020-01-20;0.004219548;0.007460526;-0.003079613;0.001283686;0.000168224;-0.0064;0.005;-0.0151;-0.005993087
2020-01-17;0.011273321;-0.007210734;-0.004327971;-0.00335343;0.000168604;0.0135;0.0112;0.0094;0.011463438
2020-01-16;0.003319331;-0.001382134;0.003469502;-0.003587446;0.000168604;0.0045;-0.001;0.0059;0.003369931
2020-01-15;-0.008953511;0.013304047;-0.000984172;-0.0057923;0.000168984;-0.0183;-0.015;-0.007;-0.01356967
2020-01-14;0.002443075;0.005891946;-0.004857791;0.007612701;0.000169365;-0.0054;-0.0109;0.0107;-0.001623262
2020-01-13;0.015545032;-0.002338186;7.05905E-05;0.006866666;0.000170125;0.0112;0.002;0.028;0.014135791
2020-01-10;-0.00167559;0.005098908;0.008152428;0.006591189;0.000170125;-0.0235;-0.0043;0.0149;-0.005105895
2020-01-09;-0.002957819;-0.001638652;-0.005643913;0.013609732;0.000170125;-0.0203;-0.0033;-0.0086;-0.011457213
2020-01-08;-0.003618484;-0.006704244;-0.005816313;-0.001054533;0.000170125;-0.0091;-0.0062;0.0277;0.004025965
2020-01-07;-0.00191529;0.002034668;-0.00142223;0.007399117;0.000170505;-0.0075;-0.0039;0.0366;0.008265982
2020-01-06;-0.006355163;0.009791183;0.006454199;-0.001847595;0.000170886;-0.0132;0.0118;0.0146;0.003340377
2020-01-03;-0.003681419;0.009654195;0.002133276;0.010171111;0.000170886;-0.0017;-0.0081;-0.0105;-0.006496183
2020-01-02;0.022678543;-0.000819702;-0.003548538;0.000439093;0.000171266;0.0186;0.0172;0.0066;0.014187836
2019-12-30;-0.007165455;0.00808556;0.007626637;0.004418271;0.000171266;-0.0028;-0.0111;0.0066;-0.002072912
2019-12-27;-0.003355275;0.006785101;0.004181001;-0.000961922;0.000171266;-0.0043;0.001;0;-0.001325378
2019-12-26;0.012212158;0.01292378;0.005767593;-0.007780569;0.000171266;0.0114;0.0134;0.0204;0.014985035
2019-12-23;0.007997803;0.013647474;0.008685898;-0.006510383;0.000171266;0.0302;0.0079;0.0027;0.014543932
2019-12-20;0.001629153;-0.00230242;0.003704606;-0.010590712;0.000171266;-0.002;-0.0114;-0.0027;-0.004963732
2019-12-19;0.006844499;-0.00388213;0.000822943;0.002135534;0.000171266;0.0103;0.0023;0.0096;0.007742875
2019-12-18;0.01413649;-0.004932632;-0.005786388;0.002512191;0.000171266;0.0345;0.0231;0.0041;0.021041648
2019-12-17;0.004756898;-0.004217525;-0.004998759;-0.010111896;0.000171266;0.0226;0.015;0.0069;0.015152102
2019-12-16;-0.005022932;0.01129816;-0.001633065;-0.001707046;0.000171266;-0.0136;-0.019;0.03;-0.000614818
2019-12-13;0.005253056;0.010014497;0.0025098;-0.002727209;0.000170886;-0.0078;-0.032;0;-0.012224879
2019-12-12;0.011505989;0.003874967;-0.001749858;-0.009830443;0.000170886;0.0259;0.0188;0.0014;0.01565991
2019-12-11;0.004079708;0.005413051;0.000868727;0.003582548;0.000172406;-0.0015;-0.0013;0.0204;0.005868228
2019-12-10;-0.002939952;0.012339531;0.010495707;0.002129972;0.000173546;-0.0144;0.0076;-0.0101;-0.006575139
2019-12-09;-0.000490417;0.007865857;0.002714594;-0.00557768;0.000173546;0.0031;-0.0046;-0.0114;-0.003976386
2019-12-06;0.005328776;0.009132497;0.005206861;0.002412779;0.000175445;-0.0041;0.01;-0.0043;-7.16471E-05
2019-12-05;0.003782411;0.001365112;-0.004139284;0.002424969;0.000177343;-0.0086;0.0131;0.0159;0.005880419
2019-12-04;0.013344065;0.005800119;0.001620749;-0.004600895;0.000177723;0.0145;0.0235;0.0043;0.013709178
2019-12-03;0.000574737;-0.009434436;0.015969012;0.019928876;0.000178861;0.0202;-0.0031;-0.0129;0.002384239
2019-12-02;0.004358367;-0.005929947;0.008650817;0.004254301;0.000179999;-0.0079;-0.0027;-0.0043;-0.005188079
2019-11-29;-4.68103E-05;-0.002932636;-0.002447112;0.002660295;0.000180758;0.0044;-0.0129;0.0174;0.003714854
2019-11-28;0.00541602;0.001503966;0.00410132;0.009281972;0.000181137;0.0055;0.0068;0.0132;0.008447796
2019-11-27;0.005848729;-0.010187921;-0.00631912;-0.008032352;0.000181895;0.0291;0.0048;-0.0029;0.011360981
2019-11-26;-0.012511444;0.006426772;0.001682192;0.000590435;0.000182274;-0.0129;-0.0182;-0.0087;-0.013037353
2019-11-25;-0.00185231;0.005795392;-0.001947454;-0.003310869;0.000181895;-0.0032;-0.0083;-0.0072;-0.006016396
2019-11-22;0.009842988;0.000571038;0.000690571;0.005752438;0.000182653;0.016;0.0044;0.0236;0.015167824
2019-11-21;0.015104095;-0.004201827;0.002196649;-0.004420791;0.000182653;0.0129;0.0372;0.003;0.016652949
2019-11-19;-0.003205961;0.003957041;-0.002642671;-0.003438131;0.00018379;-0.0046;-0.0103;-0.0029;-0.005688017
2019-11-18;-0.001441537;0.001519344;-0.003986543;-0.001626684;0.000184548;-0.011;-0.0075;-0.0216;-0.013521725
2019-11-14;0.004218472;0.012531169;0.009509974;0.019128149;0.000185685;0.0122;-0.0201;0.0014;-0.000786003
2019-11-13;-0.006294289;0.002898943;-0.003413361;-0.00015079;0.000185685;-0.0165;-0.004;-0.0043;-0.008797265
2019-11-12;-0.014363747;0.005182781;0.009249767;-0.011130787;0.000186063;-0.011;-0.0076;-0.017;-0.012015305
2019-11-11;0.006618605;-0.004160016;-0.009356442;0.005292817;0.000186442;0.0051;0.0143;0.0028;0.007004256
2019-11-08;-0.016976867;0.001245401;0.001215342;-0.004197588;0.000187578;-0.0141;-0.0285;-0.0112;-0.017314233
2019-11-07;0.010356904;-0.005108892;-0.000605822;-0.004906711;0.000187578;0;0.0401;0.0085;0.014483652
2019-11-06;-0.000277965;0.007176739;-0.004141197;0.000560953;0.000187956;-0.0067;0.002;-0.0098;-0.005207997
2019-11-05;-0.002515057;-0.007569862;-0.004940836;-0.008520244;0.000188335;0.0063;-0.0234;-0.0124;-0.008567867
2019-11-04;0.004028901;0.011453577;0.011870198;-0.009756643;0.000189092;-0.0056;-0.0023;0;-0.00277231
2019-11-01;0.008993088;0.009109091;0.002909889;-0.000685258;0.000189849;-0.0039;0.0013;-0.0163;-0.006528821
2019-10-31;-0.00973047;0.004087606;0.003480301;0.001878109;0.000189849;-0.0257;0.0103;0.0082;-0.003928696
2019-10-30;0.008003508;-0.002003574;0.004876876;0.012148296;0.00018947;0.0156;0.0087;0.021;0.015398509
2019-10-29;-0.005079257;-0.000323808;0.003281598;0.004311838;0.000190605;-0.0027;0.0074;0;0.001134629
2019-10-28;0.007240552;-0.002799821;0.005645234;0.005956333;0.000190605;0.0222;0.012;0.0085;0.014664568
2019-10-25;-0.001302357;-0.002699045;-0.002128555;-0.00833047;0.000192874;0.0091;0.0328;-0.0248;0.004667576
2019-10-24;-0.003702683;0.000554772;-0.008864053;-0.0027716;0.000194008;-0.0063;-0.0218;-0.0055;-0.010534682
2019-10-23;0.000927981;-0.003907918;-0.002517697;-0.003679633;0.000195142;0.0042;0.0133;-0.0095;0.002269934
2019-10-22;0.009926576;0.005685932;0.005703559;0.003556385;0.000195898;0.0216;0.0288;0;0.016481119
2019-10-21;0.010186838;0.003314587;0.00181405;-0.006413821;0.000196276;0.0074;0.0062;0.0027;0.005482637
2019-10-18;-0.001846166;0.001456014;0.00487379;0.009132333;0.000197786;0.0256;-0.0022;-0.0187;0.002738769
2019-10-17;-0.003386573;0.004084886;0.004768237;0.001487752;0.000198164;-0.002;-0.0097;0.0054;-0.001766245
2019-10-16;0.008545755;-0.005848711;-0.002073019;0.003533458;0.000199297;0.014;0.012;-0.004;0.007410798
2019-10-15;0.001236377;-0.007380421;-0.006210013;-0.003525615;0.000200806;-0.0138;0.0106;0.0013;-0.001673097
2019-10-14;0.004352549;0.007573825;0.005742632;0.011094651;0.000201183;-0.0051;0.0018;0;-0.001393647
2019-10-11;0.018661777;-0.007443739;-0.006991012;0.002930608;0.000202692;0.0187;0.0194;0.0149;0.017634877
2019-10-10;0.003587006;0.001911736;0.004503192;-0.008131938;0.000202692;0.0045;0.0083;-0.0094;0.000963877
2019-10-09;0.011357789;0.002937633;0.00114248;0.001935109;0.000203824;0.0277;0.0192;0;0.015985155
2019-10-08;-0.006996925;0.001085583;0.002012702;0.002804439;0.000204578;-0.018;-0.0057;0.0013;-0.007985398
2019-10-07;-0.019145746;0.005335219;-0.005948644;-0.005963311;0.000205708;-0.0395;-0.0128;-0.012;-0.022566025
2019-10-04;0.010783207;-0.002739113;-0.002765578;0.000342995;0.000207215;0.0068;-0.0086;0.0013;0.000491444
2019-10-03;0.004030489;0.000918508;0.00267966;0.006207156;0.000207969;0.0431;0.0007;-0.0106;0.012860753
2019-10-02;-0.027286418;0.003579535;-0.006996395;0.005923465;0.000207969;-0.034;-0.0287;-0.0294;-0.030925239
2019-10-01;-0.006954446;0.002498782;-0.004048527;-0.001112784;0.000207969;-0.0119;-0.0015;0.013;-0.000567961
2019-09-30;-0.002627606;0.002353332;0.002416074;0.005462781;0.000207969;0.0033;-0.004;0.0158;0.00535229
2019-09-27;-0.002566457;-0.003022631;-0.00495199;-0.001714448;0.000207969;-0.0081;-0.0014;0;-0.003450345
2019-09-26;0.007418894;-0.002407535;0.000258182;0.005666663;0.000207969;0.0037;0.0132;0.0147;0.010130879
2019-09-25;0.004163224;-0.002449747;-0.004786349;-0.001461433;0.000208345;-0.0065;0.0026;-0.0106;-0.00522562
2019-09-24;-0.006624775;-0.000272713;-0.00426402;0.001276761;0.000208345;-0.0305;-0.0076;-0.0105;-0.017173145
2019-09-23;-0.001328497;-0.000545138;-0.001682702;-0.005360738;0.000208345;-0.0048;0.0178;-0.0065;0.001196343
2019-09-20;0.002415681;-0.00599225;-0.012399292;-0.006086882;0.000208345;0.0158;-0.0106;-0.0039;0.001556767
2019-09-19;-0.000890458;-0.001249052;-0.002124087;0.011775935;0.000208345;-0.026;0.0026;0.0026;-0.008147025
2019-09-18;-0.001089015;0.005520459;-0.004696537;-0.003637626;0.000209099;0.0152;-0.017;-0.0077;-0.001795896
2019-09-17;0.009527322;-0.002198015;0.00352294;0.007537453;0.000210228;0.0139;-0.0132;0.0211;0.008432586
2019-09-16;0.00128322;-0.007388835;-0.008195564;-0.008842668;0.000211357;-0.0104;0.0439;-0.0219;0.00153188
2019-09-13;-0.008731199;-0.00067031;-0.004346953;0.002250755;0.000212862;-0.0179;-0.0067;-0.0177;-0.014580386
2019-09-12;0.00762356;-0.005537155;0.003118683;-0.007716844;0.000213238;0.0051;0.0071;-0.0025;0.003144014
2019-09-11;0.006797055;0.007654541;-0.001996448;0.021125644;0.000214367;-0.0238;-0.0085;0.0232;-0.003667937
2019-09-10;-0.002441251;0.004062873;0.001389279;-0.01086614;0.000215119;-0.0168;0.0063;-0.0051;-0.006185569
2019-09-09;0.000158522;7.25444E-05;0.000146326;-0.028121267;0.000216246;0.0124;0.0155;-0.0164;0.003687008
2019-09-06;0.004631787;0.001302015;0.001518479;-0.003926875;0.000217374;0.0407;0.0049;-0.0075;0.014213495
2019-09-05;0.008401654;-0.005794711;0.00181322;0.009128916;0.000218125;0.0349;0.005;0.0088;0.017503953
2019-09-04;0.013190102;-0.01498947;-0.010050085;-0.01057253;0.000219252;0.0237;0.0258;0.0064;0.018535233
2019-09-03;-0.0086806;0.006557012;-0.004726213;-0.017839903;0.000220003;-0.0186;0.0119;-0.02;-0.010209093
2019-09-02;-0.004470837;0.002551049;0.007278575;0.005921316;0.00022113;-0.0128;-0.0078;0.0088;-0.00413783
2019-08-30;0.007982372;0.017671276;0.012781348;0.000969227;0.00022188;0.0257;0;0.0219;0.016967433
2019-08-29;0.023002576;0.00803897;0.001531182;-0.007969026;0.000222631;0.0243;0.037;0.0305;0.030058043
2019-08-28;0.009376358;0.006903419;0.001450654;-0.004702097;0.000223006;-0.0083;0.0103;-0.0296;-0.0100078
2019-08-27;0.007822613;0.000582966;-4.69759E-06;0.008566367;0.000223006;-0.008;0.0159;0.0052;0.003347473
2019-08-26;-0.012550483;-0.01159715;-0.012010434;-0.000373213;0.000223006;-0.0047;-0.0132;-0.0128;-0.009872435
2019-08-23;-0.022214966;-0.002766173;-0.007821213;-0.000145139;0.000223006;-0.0364;-0.0373;-0.0309;-0.03482551
2019-08-22;-0.011735408;0.012296452;0.006009598;-0.006408677;0.000223381;-0.0055;-0.009;-0.0229;-0.012324575
2019-08-21;0.018827204;0.002445376;0.014887827;0.008336738;0.000223757;0.0572;0.0595;0.0415;0.052627394
2019-08-20;-0.002828391;-0.013547532;-0.013037753;0.005045303;0.000224132;-0.0009;-0.0004;0.0013;-2.04312E-05
2019-08-19;-0.004093966;-0.005137938;-0.003299972;0.004732531;0.000224507;-0.0197;0.005;0.014;-0.001277354
2019-08-16;0.006826812;-0.010885451;-0.005680015;0.000483193;0.000224882;-0.0026;-0.0132;0.0303;0.005303306
2019-08-15;-0.013813216;-0.021072198;-0.014075987;0.008207239;0.000225257;-0.0009;-0.0277;-0.0269;-0.017362324
2019-08-14;-0.026466727;0.002833761;-0.009885298;0.003475731;0.000225257;-0.0349;-0.0337;-0.0225;-0.030412404
2019-08-13;0.011963887;0.004598023;0.001245875;-0.004621861;0.000225632;0.0117;0.0134;0.0217;0.015531701
2019-08-12;-0.019937979;0.007686072;-0.000595442;0.000400721;0.000226007;-0.0339;-0.024;-0.0051;-0.021411372
2019-08-09;-0.000221861;-0.008516051;-0.027796701;-0.008707223;0.000226007;-0.0031;-0.0027;0.0064;0.000187239
2019-08-08;0.011422049;0.007464408;0.005108522;0.006077152;0.000226382;0.0072;0.0293;0.0358;0.023165157
2019-08-07;0.006114671;0.002376823;0.005817413;0.002247163;0.000226757;-0.001;-0.0108;-0.0346;-0.015061807
2019-08-06;0.01928575;-0.001697507;0.000972643;0.013184863;0.000226757;0.0136;0.0129;0.0317;0.019438411
2019-08-05;-0.02279586;0.007406829;7.78195E-05;0.002701165;0.000227131;-0.0187;-0.0366;-0.0207;-0.024566352
2019-08-02;0.005347767;-0.005505981;0.004728385;0.005918655;0.000227506;0.0002;0.0359;-0.0013;0.010067781
2019-08-01;0.003710574;-0.008827098;-0.001755694;0.013673916;0.000227506;-0.0095;-0.0184;0.0171;-0.003205874
2019-07-31;-0.00896676;-0.002376218;-0.000765179;0.003399795;0.000231253;-0.0144;-0.0061;-0.0026;-0.008050605
2019-07-30;-0.003841941;0.007996817;0.004670368;0.00824889;0.000231627;-0.0101;-0.0053;0.0093;-0.002230269
2019-07-29;0.007232188;-0.004623333;0.001283152;0.005267869;0.00023275;0.009;0.0092;-0.0053;0.004284798
2019-07-26;0.002102564;-0.004688867;-0.001156898;0.002735365;0.000233499;-0.0024;-0.0279;0.004;-0.007669757
2019-07-25;-0.009842082;0.002469327;-0.013065153;-0.011542607;0.000233873;-0.0422;-0.0168;-0.0117;-0.024642199
2019-07-24;0.002377771;-0.013818083;-0.012690566;-0.007112822;0.000234247;0.0181;-0.0062;-0.0154;-0.000139713
2019-07-23;-0.001862189;0.006531203;0.009412827;0.007978508;0.000235369;-0.0117;0.0011;0.0013;-0.003643098
2019-07-22;0.003112721;-0.009181326;-0.006482127;0.002031208;0.000236491;0.0002;0.0018;-0.0051;-0.001104427
2019-07-19;-0.011733823;-0.002072248;-0.004723448;0.001063171;0.000237987;-0.0125;-0.0025;-0.0238;-0.013367564
2019-07-18;0.008035921;-0.000689661;0.002552387;0.009677198;0.000238735;0.017;-0.0061;-0.0087;0.001712419
2019-07-17;0.0009049;-2.59327E-05;-0.005239537;-0.000236744;0.000239482;0.0002;-0.0054;0.0062;0.000576351
2019-07-16;-0.000735403;0.004474706;0.008412537;0.010420703;0.000240229;0.0015;-0.0124;0.0025;-0.002203229
2019-07-15;-0.002323831;0.008567177;0.011718156;-0.003230468;0.000240229;-0.006;-0.0123;-0.0172;-0.011568251
2019-07-12;-0.011406632;0.004371426;-0.003992306;-0.001906326;0.000241723;-0.0226;0.0046;-0.0109;-0.010794791
2019-07-11;-0.005512393;-0.005000554;0.00284762;0.007674699;0.000242097;-0.0195;0.0118;-0.0072;-0.006303736
2019-07-10;0.012400259;-0.001723384;-0.00429051;0.002113059;0.000242844;-0.0126;0.0152;0.0197;0.006255675
2019-07-08;0.004159996;0.030173747;0.015445399;-0.004432729;0.000244337;-0.0009;0.0091;0.0037;0.003539798
2019-07-05;0.00454082;0.005404635;-0.005773512;0.0043975;0.000245456;-0.0033;0.0004;0.0037;0.000111179
2019-07-04;0.014755122;-0.001108583;-0.001204895;-0.001799678;0.000245456;0.0162;0.0096;0.01;0.012213601
2019-07-03;0.015028789;0.001247231;0.005132143;0.008341515;0.000246202;0.0209;0.0116;0.0101;0.014593967
2019-07-02;-0.006331313;0.006247602;0.002219544;0.004790865;0.000246202;-0.0128;-0.0161;-0.0174;-0.015293894
2019-07-01;0.001165534;0.004022508;0.007089846;0.007005481;0.000246202;-0.0011;-0.0055;0.0075;0.000492742
2019-06-28;0.003204558;0.006413022;0.012626202;0.005591777;0.000246202;0.0026;0.0066;0.0127;0.007133078
2019-06-27;0.000135945;-0.005924021;0.001194492;0.002364058;0.000246202;0.002;-0.0159;0.0233;0.003911104
2019-06-26;0.00616988;0.002643543;0.004645463;-0.000213392;0.000246202;0.0217;0.0058;-0.0052;0.008102984
2019-06-25;-0.017358258;0.010040846;0.002372624;-0.001013517;0.000246202;-0.0092;-0.0262;-0.0252;-0.019478112
2019-06-24;0.000149423;0.013875791;0.011543687;-0.006390754;0.000246202;0.0025;-0.0011;0.0025;0.001454439
2019-06-21;0.013855604;0.001179526;0.003229246;-0.004024125;0.000246202;0.0078;0.0276;0.0089;0.013917759
2019-06-19;0.007973447;-0.000735658;0.003909457;-0.000270786;0.000245083;0.0165;0.0026;0.0013;0.007389269
2019-06-18;0.01666064;-0.005170894;0.000503948;0.006077262;0.000245083;0.0234;0.0125;-0.0088;0.009486031
2019-06-17;-0.003153994;0.001442714;-3.73304E-05;0.005324195;0.000245083;-0.001;0.0018;0.0128;0.004419604
2019-06-14;-0.00751208;0.011690999;-0.00907761;-0.007697196;0.00024471;-0.0177;-0.0044;-0.0176;-0.013803855
2019-06-13;0.004725674;-0.004553505;-0.006437539;0.000801258;0.00024471;-0.0159;0.0123;0.0127;0.001836801
2019-06-12;-0.006617386;0.004089819;0.001783362;-0.009446264;0.000245456;-0.0089;-0.0114;-0.026;-0.015334002
2019-06-11;0.012770896;0.006598008;-0.000697689;-0.012891218;0.000245829;0.0199;0.0191;0.0202;0.019767792
2019-06-10;-0.003305068;-0.00735828;-0.009031037;-0.00199038;0.000245829;-0.0094;-0.0041;-0.0306;-0.014937186
2019-06-07;0.005223665;0.003302357;-0.003840952;0.002803488;0.000246202;-0.0081;0.0183;-0.0061;0.000235037
2019-06-06;0.010669666;0.0036116;0.010056114;0.008193029;0.000246202;0.0254;0.0162;0.034;0.025598661
2019-06-05;-0.012278234;0.004145615;0.004999677;0.000126935;0.000246202;-0.0276;-0.013;-0.01;-0.017484854
2019-06-04;0.003394781;0.003921997;0.019913286;0.004021215;0.000246202;0.0163;0.0081;0.0139;0.013117334
2019-06-03;-0.000356246;0.0044585;0.007926081;0.002035829;0.000246202;0.0046;0.0172;-0.005;0.005055017
2019-05-31;-0.002507126;-0.002395449;0.000660485;0.007049249;0.000246202;-0.0019;-0.0229;0.0115;-0.003526232
2019-05-30;0.008189266;-0.002466612;0.004548652;0.013313008;0.000246576;0.0146;-0.0132;0.0208;0.008595487
2019-05-29;0.001547241;-0.001590057;-0.001118127;0.002529807;0.000246576;-0.001;-0.0112;0.0212;0.003447858
2019-05-28;0.01606751;-0.00568034;-0.002193282;0.010804577;0.000246202;0.013;0.0213;0.0217;0.018314627
2019-05-27;0.011118979;0.003449016;0.005450424;0.0047878;0.000246202;0.0195;0.0057;0.0151;0.014023314
2019-05-24;-0.003491719;0.002264298;-0.0011591;-0.004209242;0.000246576;0.0147;0.0097;-0.0162;0.002933524
2019-05-23;-0.004164445;0.002025592;-0.003133625;-0.007828035;0.000246576;0.0016;-0.0171;-0.0067;-0.006601616
2019-05-22;-0.000550767;-0.001626716;0.001189445;0.003241963;0.000246576;0;-0.0038;-0.0053;-0.002872768
2019-05-21;0.02749208;-0.003434308;0.000247033;0.006998543;0.000246576;0.0571;0.038;0.052;0.049850359
2019-05-20;0.021236096;-0.004489632;-0.000182575;0.005678475;0.000246576;0.0384;0.034;0.058;0.043664502
2019-05-17;-0.002686421;-0.007218468;-0.004618773;0.007349066;0.000246576;-0.0173;-0.0233;-0.0175;-0.01910936
2019-05-16;-0.016180037;0.00162432;-0.007733957;0.009425888;0.000246576;-0.0312;-0.0236;-0.0284;-0.028058076
2019-05-15;-0.005879674;-0.01378891;-0.009051261;0.004367273;0.000246576;-0.0165;-0.0046;-0.0222;-0.014946481
2019-05-14;0.002878391;-0.008022299;0.003738569;0.003044089;0.000246202;-0.0097;0.0039;0.0112;0.00122624
2019-05-13;-0.025615783;0.00409244;-0.002207179;-0.00415995;0.000246576;-0.0357;-0.0292;-0.0404;-0.035381025
2019-05-10;-0.006154792;0.007321286;0.006314881;-0.004735038;0.000246576;-0.017;-0.0056;-0.008;-0.010684891
2019-05-09;-0.008857947;0.002110761;-0.002500518;-0.002019151;0.000246576;0.0087;-0.0197;-0.0053;-0.004221461
2019-05-08;0.01204585;0.000325448;-0.00329757;0.004814743;0.000246576;0.0222;0.0387;0.004;0.020917058
2019-05-07;-0.007666777;-0.007220841;0.00446385;0.003162713;0.000246202;0.0024;-0.0157;-0.0066;-0.005861014
2019-05-06;-0.007960464;0.001923581;0.001098742;0.003722708;0.000246202;-0.0142;-0.003;-0.0013;-0.006641171
2019-05-03;0.003521625;-0.007195799;0.006054794;0.003937848;0.000246202;0.0058;0.0045;-0.0182;-0.002588677
2019-05-02;-0.007603982;0.006007938;-0.004814189;-0.00149004;0.000246576;0.0022;-0.014;0;-0.003239375
2019-04-30;0.002603238;-0.00499337;-0.000768556;0.007136197;0.000246576;0.0063;-0.0095;0.0199;0.006250782
2019-04-29;-0.000193955;-0.003376732;0.000181717;-0.003745111;0.000246202;0.0004;0.0044;-0.0026;0.000560345
2019-04-26;-0.003712399;-0.006908494;0.005933574;0.009658203;0.000246576;0.0051;-0.0191;-0.0026;-0.004498723
2019-04-25;0.015352434;-0.005842327;-0.003446427;0.00065112;0.000246202;0.0164;0.0072;0.0174;0.014061808
2019-04-24;-0.007889157;-0.001222233;-0.005777359;0.00315967;0.000246202;-0.0203;-0.0029;-0.0146;-0.013343818
2019-04-23;0.013298924;-2.12351E-05;0.00089236;0.006280176;0.000246202;0.0201;0.0087;0.0134;0.014552622
2019-04-22;0.001456352;-0.001315901;0.001165905;0.003284064;0.000246202;-0.0104;-0.0058;0.015;-0.000585577
2019-04-18;0.012313696;-0.003261088;0.000797945;0.004722384;0.000246576;0.035;0.0318;0.0223;0.029831399
2019-04-17;-0.011989237;0.000400812;0.003614771;0.001562412;0.000246202;-0.0132;0.0011;-0.0191;-0.0110162
2019-04-16;0.010952854;-0.001711572;0.010585061;-0.005770821;0.000246576;0.0207;0.0305;-0.0014;0.016169348
2019-04-15;0.002732643;-0.002809782;0.002263241;0.005046533;0.000246576;0.0028;0.0039;0.0041;0.003553412
2019-04-12;-0.018589506;-0.00620714;-0.008812885;-0.001028007;0.000246576;-0.0317;-0.0775;-0.0305;-0.044601298
2019-04-11;-0.012395351;-0.001589372;-0.008387643;-0.000380643;0.000246576;-0.0113;-0.0271;-0.0144;-0.016923618
2019-04-10;-0.004112732;0.004353119;0.009746177;0.000332005;0.000246576;0.0074;-0.013;0.0422;0.013091271
2019-04-09;-0.009799458;0.003123987;-0.002892123;-0.006361609;0.000246576;-0.015;-0.0031;-0.0187;-0.012778888
2019-04-08;0.000692828;-0.000119435;0.008271076;0.004503695;0.000246576;0.0016;0.0163;0.0205;0.012178124
2019-04-05;0.007214511;-0.003099964;0.000994496;0.002128801;0.000246576;0.0057;0.0109;0.0055;0.007143495
2019-04-04;0.016691262;-0.007887951;-0.004342044;-0.002628784;0.000246576;0.012;0.0338;0.021;0.021335618
2019-04-03;-0.007147155;-0.001514389;-0.003829743;-0.002220699;0.000246576;-0.0107;-0.0265;0.0142;-0.006977319
2019-04-02;-0.006680338;0.008861052;-0.001246023;-0.003758353;0.000246576;-0.0087;0.0104;-0.0276;-0.009461472
2019-04-01;0.005729458;0.000714977;0.008769735;-0.00039481;0.000246949;0.0099;-0.0021;-0.0014;0.002642899
2019-03-29;0.009687998;-0.004158957;0.000791834;0.00752251;0.000246949;0.0146;0;0.0211;0.012529348
2019-03-28;0.024894834;-0.014853517;-0.001438394;0.004671612;0.000246576;0.0349;0.0263;0.026;0.029431484
2019-03-27;-0.034629006;-0.002638012;-0.013317803;-0.002753425;0.000246949;-0.0554;-0.0451;-0.0699;-0.057248583
2019-03-26;0.017806271;-0.005555748;-0.00027852;0.003065298;0.000246576;0.0235;0.0472;0.0095;0.025710124
2019-03-25;-2.2298E-05;0.002793312;0.006242908;0.004000826;0.000246576;0.0071;0.0126;0.025;0.01467234
2019-03-22;-0.029588016;0.001718709;-0.00685326;-0.009033317;0.000246576;-0.0544;-0.0546;-0.0257;-0.04487813
2019-03-21;-0.012391139;-0.000423658;-0.000184984;-0.002296997;0.000246202;-0.021;-0.0142;-0.0199;-0.018657876
2019-03-20;-0.015702859;0.01654833;0.002243746;-0.004317995;0.000246202;-0.0224;-0.0079;-0.0259;-0.019357002
2019-03-19;-0.002881042;0.001169186;-0.000434364;-9.15543E-05;0.000246576;-0.0214;0.016;-0.0039;-0.00469635
2019-03-18;0.008524664;0.007542364;0.007046485;-0.000104933;0.000246202;-0.0076;0.0173;0.0104;0.005640129
2019-03-15;0.004395806;-0.004199047;0.008460295;0.004430072;0.000246202;0.0086;0.0021;0.0079;0.006478525
2019-03-14;-0.003768908;0.001798851;0.003277093;0.003572233;0.000246202;-0.0076;0.0032;-0.0065;-0.004096142
2019-03-13;0.008964137;-0.003125945;0.007980077;-0.003934295;0.000246576;0.0154;0.0218;0.0066;0.014321366
2019-03-12;-0.002212817;-0.002033467;-0.000206492;0.001437648;0.000246576;-0.0057;-0.009;0.0187;0.001486202
2019-03-11;0.024328385;0.001016304;0.002541777;0.003310992;0.000246576;0.0307;0.0405;0.0177;0.029206895
2019-03-08;0.010083593;-0.007091826;0.001548779;-0.000111953;0.000246576;0.0351;-0.0037;0.0237;0.020025902
2019-03-07;0.001365456;0.008804057;-0.000822403;0.000766366;0.000246576;-0.0034;0.0004;-0.0069;-0.00346464
2019-03-06;-0.005711711;-0.005155144;-0.002993456;0.003959765;0.000246202;-0.0138;0.0022;-0.0136;-0.009086305
2019-03-01;-0.00852694;0.011164937;0.007227585;0.008860179;0.000246576;0.014;-0.0133;-0.024;-0.006613097
2019-02-28;-0.01686069;0.012302317;-0.003760624;-0.001695624;0.000246202;-0.025;-0.0007;-0.0196;-0.016139966
2019-02-27;-0.002807939;0.00950376;0.005800669;-0.012713111;0.000246202;-0.0114;0.0188;0.0241;0.009220864
2019-02-26;0.00322966;-0.007767378;-0.006595912;-0.001153753;0.000246576;0.0054;-0.0045;0.0054;0.002524708
2019-02-25;-0.00517277;0.009175935;0.000645631;-0.003727567;0.000246576;-0.0164;-0.0158;0.015;-0.005744533
2019-02-22;0.009269608;-0.003515539;0.004702772;-0.001692946;0.000246576;0.009;-0.0099;0.011;0.0041784
2019-02-21;0.004941775;-0.011001023;-0.000339783;0.000490575;0.000246202;0.0045;0.0133;-0.0041;0.004185166
2019-02-20;-0.011873947;0.0006619;0.004040129;-0.003623567;0.000246202;-0.0283;-0.0124;-0.0041;-0.015604235
2019-02-19;0.010720519;0.001500129;0.001497135;-0.007815166;0.000246202;0.0042;0.0232;0.0041;0.009684857
2019-02-18;-0.008747145;0.004378879;-0.003287169;0.009082571;0.000246202;-0.0099;-0.003;0.0111;-0.000886285
2019-02-15;-0.004680685;0.008438071;0.004010435;0.002486845;0.000246202;0.0013;-0.0041;0.0056;0.001166984
2019-02-14;0.020349404;-0.008675207;0.000880268;0.009127798;0.000246202;0.0511;0.0345;0.017;0.034896347
2019-02-13;-0.004220983;0.008190721;0.004378605;0.005337381;0.000246576;-0.0227;0.0128;0.0159;0.00049493
2019-02-12;0.016256522;-0.003073819;0.006065103;0.009248954;0.000246202;0.0616;0.0354;0.0146;0.038302212
2019-02-11;-0.00750156;-0.00159156;-0.004736822;-0.000194733;0.000246202;-0.0296;-0.0115;-0.0229;-0.022106718
2019-02-08;0.007660788;-0.001383833;0.010232636;0.008603579;0.000246202;0.0014;0.0016;0.0087;0.0038948
2019-02-07;-0.001089531;-0.012828526;-0.009728145;0.000680958;0.000246202;0.0066;-0.0157;0.0117;0.001825695
2019-02-06;-0.035051849;0.014451191;0.002839606;0.005552813;0.000246202;-0.0609;-0.0215;-0.0379;-0.041779603
2019-02-05;-0.003120367;0.002593905;0.001627225;-0.004658162;0.000246202;0.0292;0.0008;0.0042;0.012606779
2019-02-04;0.007281255;0.000941246;-0.003339113;0.003421155;0.000246202;0.019;0.0089;-0.0084;0.0069206
2019-02-01;0.004882428;-0.001502647;-0.003868316;-0.000393905;0.000246202;0.0048;0.0086;-0.0097;0.001063599
2019-01-31;0.003405862;0.00058173;-0.00069994;-0.001982111;0.000246202;0.0253;-0.0016;-0.011;0.00537053
2019-01-30;0.012232054;-2.63192E-05;0.002747415;0.010790483;0.000246576;0.013;0.0099;-0.0054;0.005957802
2019-01-29;0.002337048;0.002729818;-0.00226194;-0.007880188;0.000246202;0.0333;0.0242;0;0.019541635
2019-01-28;-0.015577422;-0.008477291;-0.009861244;-0.010360559;0.000246576;-0.0129;-0.0301;-0.0291;-0.023302958
2019-01-24;0.009892526;-0.004015461;0.0009667;-0.001058218;0.000246576;-0.0051;0.0043;0.0189;0.005641188
2019-01-23;0.011968806;-0.006318751;0.002185302;0.004899351;0.000246576;0.0207;0.0119;0.0109;0.014872981
2019-01-22;-0.009303015;0.00207738;-0.000700905;-0.001098343;0.000246576;-0.0019;-0.0157;-0.0014;-0.005741084
2019-01-21;-0.000117966;0.004223377;0.001580057;0.005312515;0.000246949;-0.0054;0.0051;0.0152;0.004525757
2019-01-18;0.007105583;-0.007237983;-0.005464146;-0.000604252;0.000246576;-0.0084;0.0095;-0.0123;-0.004503046
2019-01-17;0.008255202;0.005738793;0.005115664;-0.011765211;0.000246576;0.0037;0.0137;0.0295;0.015216282
2019-01-16;0.002703676;-0.001841251;-9.37651E-05;0.01027145;0.000246576;-0.0095;-0.0004;-0.0125;-0.007858444
2019-01-15;-0.0036862;-0.000309325;-0.005422167;-0.00145769;0.000246576;-0.0116;-0.0008;-0.0083;-0.00736179
2019-01-14;0.008379267;-0.007071374;3.98774E-05;-0.002903661;0.000246576;0.0232;-0.0056;0.0055;0.008927319
2019-01-11;-0.000557447;-0.000967497;0.002355501;-0.00319135;0.000246576;0.0041;-0.0107;0.0028;-0.000632351
2019-01-10;0.00280616;-0.000675517;-0.006289782;-0.00916379;0.000246576;0.0146;-0.0086;0.0169;0.008629675
2019-01-09;0.015597338;-0.012504021;-0.008583466;-0.009815484;0.000246576;-0.0027;0.0208;0.0158;0.01030042
2019-01-08;0.001364205;-0.009315044;0.003445065;0.000578805;0.000246576;-0.0113;-0.006;-0.0043;-0.007424128
2019-01-07;-0.002905277;0.009877352;0.006351556;0.001705951;0.000246576;-0.0066;0.0158;-0.0304;-0.008038644
2019-01-04;0.002405822;0.004007716;0.00736771;-0.003747549;0.000246576;0;0.0028;-0.0096;-0.002391232
2019-01-03;0.00612594;0.001421557;0.007030009;-0.007674478;0.000246576;0.0041;0.0245;-0.0214;0.001513035
2019-01-02;0.035365865;-0.001805348;0.012029508;0.004715541;0.000246576;0.0454;0.0608;0.0318;0.045333045
